{
  "bgAlpha": 100,
  "bgStr": "/storage/emulated/0/Android/data/io.legado.app.releaseA/files/bg/背景.jpg",
  "bgStrEInk": "#ffffffff",
  "bgStrNight": "#ff000000",
  "bgType": 2,
  "bgTypeEInk": 0,
  "bgTypeNight": 0,
  "darkStatusIcon": true,
  "darkStatusIconEInk": true,
  "darkStatusIconNight": false,
  "footerMode": 0,
  "footerPaddingBottom": 23,
  "footerPaddingLeft": 22,
  "footerPaddingRight": 22,
  "footerPaddingTop": 29,
  "headerMode": 0,
  "headerPaddingBottom": 21,
  "headerPaddingLeft": 22,
  "headerPaddingRight": 22,
  "headerPaddingTop": 24,
  "letterSpacing": -0.04,
  "lineSpacingExtra": 14,
  "name": "",
  "paddingBottom": 19,
  "paddingLeft": 25,
  "paddingRight": 25,
  "paddingTop": 37,
  "pageAnim": 1,
  "pageAnimEInk": 1,
  "paragraphIndent": "　　",
  "paragraphSpacing": 5,
  "showFooterLine": false,
  "showHeaderLine": false,
  "textBold": 0,
  "textColor": "#ff000000",
  "textColorEInk": "#000000",
  "textColorNight": "#ffb0b0b0",
  "textFont": "",
  "textSize": 20,
  "tipColor": 0,
  "tipDividerColor": -1,
  "tipFooterLeft": 1,
  "tipFooterMiddle": 0,
  "tipFooterRight": 6,
  "tipHeaderLeft": 2,
  "tipHeaderMiddle": 0,
  "tipHeaderRight": 3,
  "titleBottomSpacing": 30,
  "titleMode": 1,
  "titleSize": 10,
  "titleTopSpacing": 100
}